bench,config,description,simTicks,numCycles,simInsts,average_packet_latency,cumulativeCycles,maxCycles,geoIPC,mpki
canneal,ns_l_latop_noci_picky_cohmem_prioritized_doubley_memory_mclb_hops,,279317000764.0,1930939.0,1999938486.0,5792.513132,1182300003.0,1062041828.0,0.40795330912180594,3.857918956190784
canneal,ns_m_scop_noci_picky_cohmem_prioritized_doubley_memory_mclb_hops,,274456253963.0,1911729.0,1998938176.0,5702.027459,1161626212.0,1043559901.0,0.4077164820531828,3.884591121408789
canneal,ns_s_latop_noci_picky_cohmem_prioritized_doubley_memory_mclb_hops,,266116228351.0,1790075.0,1997212752.0,5359.103363,1123052993.0,1011848777.0,0.4179786755144452,3.931688465759625
canneal,ns_l_scop_noci_picky_cohmem_prioritized_doubley_memory_mclb_hops,,279991810372.0,1957698.0,1999819814.0,5838.858305,1185129835.0,1064607644.0,0.40696589405770156,3.86062361720469
canneal,ns_m_latop_noci_picky_cohmem_prioritized_doubley_memory_mclb_hops,,274612484379.0,1885287.0,1998883906.0,5683.68513,1161989486.0,1044153933.0,0.4083919770950602,3.8858877172584214
canneal,ns_s_scop_noci_picky_cohmem_prioritized_doubley_memory_mclb_hops,,268153415305.0,1814972.0,1997425122.0,5481.666484,1131864597.0,1019594735.0,0.4162135276337164,3.9251454874970704
canneal,mesh_noci_naive_hops,,310998030997.0,2572646.0,2005847258.0,7529.825017,1332607608.0,1182502019.0,0.36672764985788475,3.713000618401301
bodytrack,ns_l_latop_noci_picky_cohmem_prioritized_doubley_memory_mclb_hops,,41463667127.0,45542271.0,5772966008.0,6997.357559,2934256774.0,84251062.0,0.9960332972344953,0.055771930601165476
bodytrack,ns_m_scop_noci_picky_cohmem_prioritized_doubley_memory_mclb_hops,,42063825763.0,45850150.0,5772597854.0,6965.763922,2930634322.0,83615763.0,0.9971477003514019,0.05606930361670303
bodytrack,ns_s_latop_noci_picky_cohmem_prioritized_doubley_memory_mclb_hops,,36894957893.0,44871265.0,5758345878.0,6515.18582,2817142913.0,82396584.0,1.031927372893133,0.055671540446606466
bodytrack,ns_l_scop_noci_picky_cohmem_prioritized_doubley_memory_mclb_hops,,43831250198.0,46420202.0,5776586497.0,7036.789289,2951926853.0,84593527.0,0.9916535986999424,0.057348538631940255
bodytrack,ns_m_latop_noci_picky_cohmem_prioritized_doubley_memory_mclb_hops,,42232175219.0,46404938.0,5773054312.0,6938.460442,2924097601.0,83452146.0,0.9995027251261552,0.05591996558821238
bodytrack,ns_s_scop_noci_picky_cohmem_prioritized_doubley_memory_mclb_hops,,40389921761.0,44957437.0,5762096289.0,6476.853593,2814763227.0,82348840.0,1.0342135262190377,0.05621348648929438
bodytrack,mesh_noci_naive_hops,,44282266794.0,51936421.0,5776048361.0,8339.723171,3237369772.0,87790801.0,0.9028423351053669,0.057224068011642454
streamcluster,ns_l_latop_noci_picky_cohmem_prioritized_doubley_memory_mclb_hops,,46606488266.0,63126215.0,3713749439.0,7207.00289,3761288007.0,95508734.0,0.943454532353983,0.14471090106812826
streamcluster,ns_m_scop_noci_picky_cohmem_prioritized_doubley_memory_mclb_hops,,47984876526.0,66391797.0,4024385695.0,7115.338665,4060631788.0,105244796.0,0.9489605894523153,0.138501349782415
streamcluster,ns_s_latop_noci_picky_cohmem_prioritized_doubley_memory_mclb_hops,,52436613091.0,76899069.0,4215874307.0,6550.279672,4935194334.0,108684076.0,0.8214985885000592,0.168445402828308
streamcluster,ns_l_scop_noci_picky_cohmem_prioritized_doubley_memory_mclb_hops,,49692445054.0,70850715.0,3845453835.0,7041.145373,4308519695.0,111192465.0,0.8552001739635893,0.15881044287520046
streamcluster,ns_m_latop_noci_picky_cohmem_prioritized_doubley_memory_mclb_hops,,51395160706.0,77527489.0,4207066593.0,7097.452023,4608483773.0,106970177.0,0.8771400460352968,0.14974946008237972
streamcluster,ns_s_scop_noci_picky_cohmem_prioritized_doubley_memory_mclb_hops,,52104756272.0,81961082.0,4290500781.0,6520.78166,4911011316.0,107814098.0,0.8401706567373965,0.16581392160392885
streamcluster,mesh_noci_naive_hops,,56146964491.0,68042710.0,4448982714.0,8667.377202,4793925658.0,101512947.0,0.8892943135895965,0.12633858955258634
swaptions,ns_l_latop_noci_picky_cohmem_prioritized_doubley_memory_mclb_hops,,13811248539.0,52514250.0,12007801802.0,7089.57744,3360912046.0,52514250.0,1.711183706827346,0.002665823291480025
swaptions,ns_m_scop_noci_picky_cohmem_prioritized_doubley_memory_mclb_hops,,13804643294.0,52489135.0,12014412837.0,7062.224681,3359304657.0,52489135.0,1.714215532769655,0.0026623735286832786
swaptions,ns_s_latop_noci_picky_cohmem_prioritized_doubley_memory_mclb_hops,,13771165235.0,52361842.0,12065589431.0,6602.986263,3351157939.0,52361842.0,1.7355165757371573,0.0026411213778080953
swaptions,ns_l_scop_noci_picky_cohmem_prioritized_doubley_memory_mclb_hops,,13803721479.0,52485630.0,11997461739.0,7136.444007,3359080371.0,52485630.0,1.7087675558055837,0.002670522004302597
swaptions,ns_m_latop_noci_picky_cohmem_prioritized_doubley_memory_mclb_hops,,13813255229.0,52521880.0,12022017454.0,7031.303064,3361400371.0,52521880.0,1.7156465085667036,0.0026590137884254707
swaptions,ns_s_scop_noci_picky_cohmem_prioritized_doubley_memory_mclb_hops,,13759979056.0,52319309.0,12062576763.0,6587.69273,3348435822.0,52319309.0,1.7358662379348824,0.0026419971175881025
swaptions,mesh_noci_naive_hops,,14012591608.0,53279813.0,11910110535.0,8446.452924,3409908083.0,53279813.0,1.655393221707216,0.002711388269267756
fluidanimate,ns_l_latop_noci_picky_cohmem_prioritized_doubley_memory_mclb_hops,,23092752609.0,70094786.0,10177415388.0,6903.644212,4423718731.0,87281520.0,1.1534432423143521,0.12844620694237538
fluidanimate,ns_m_scop_noci_picky_cohmem_prioritized_doubley_memory_mclb_hops,,23025453276.0,70312136.0,10174201065.0,6884.210779,4420729976.0,87397542.0,1.1538323526413676,0.12920812315079414
fluidanimate,ns_s_latop_noci_picky_cohmem_prioritized_doubley_memory_mclb_hops,,23233883932.0,69323775.0,10141699999.0,6496.448208,4367822549.0,85750549.0,1.160058408326286,0.12981888792522386
fluidanimate,ns_l_scop_noci_picky_cohmem_prioritized_doubley_memory_mclb_hops,,23401464113.0,71483919.0,10216917457.0,6954.229726,4487262248.0,87662808.0,1.1460782405424874,0.13006719637034556
fluidanimate,ns_m_latop_noci_picky_cohmem_prioritized_doubley_memory_mclb_hops,,23035604024.0,70045557.0,10163173005.0,6884.951272,4416446342.0,87309908.0,1.1521187362424266,0.1293357999898726
fluidanimate,ns_s_scop_noci_picky_cohmem_prioritized_doubley_memory_mclb_hops,,23214367754.0,69045423.0,10158132378.0,6454.728976,4347983868.0,85726074.0,1.1692811735323947,0.12885852035629047
fluidanimate,mesh_noci_naive_hops,,23551974016.0,71734942.0,10180196290.0,8428.762389,4515675327.0,89044309.0,1.1305896963563962,0.12798504205277073
facesim,ns_l_latop_noci_picky_cohmem_prioritized_doubley_memory_mclb_hops,,22852182827.0,437300.0,3892353987.0,6518.667976,443772293.0,67120746.0,0.8079488890793954,0.31403365437582886
facesim,ns_m_scop_noci_picky_cohmem_prioritized_doubley_memory_mclb_hops,,22818634021.0,550327.0,3894053893.0,6466.122737,443801356.0,66590074.0,0.8264868670290183,0.3134136096509399
facesim,ns_s_latop_noci_picky_cohmem_prioritized_doubley_memory_mclb_hops,,22758687379.0,584168.0,3894189258.0,6065.968047,433285095.0,65878997.0,0.8489957929990429,0.312870490673178
facesim,ns_l_scop_noci_picky_cohmem_prioritized_doubley_memory_mclb_hops,,22926325946.0,475490.0,3894608946.0,6550.619106,445849369.0,67232729.0,0.8241438616776998,0.31268902397796006
facesim,ns_m_latop_noci_picky_cohmem_prioritized_doubley_memory_mclb_hops,,22739175935.0,500708.0,3894509660.0,6485.981668,444344612.0,66966001.0,0.8329183277211972,0.3127920658854534
facesim,ns_s_scop_noci_picky_cohmem_prioritized_doubley_memory_mclb_hops,,22340405078.0,378394.0,3892590930.0,6043.409038,431129327.0,66000394.0,0.8279039220580091,0.31387986541621254
facesim,mesh_noci_naive_hops,,24395608584.0,528107.0,3893331738.0,8007.290299,484959511.0,70788579.0,0.726992838677929,0.3128761604054822
raytrace,ns_l_latop_noci_picky_cohmem_prioritized_doubley_memory_mclb_hops,,4075855387.0,15463252.0,7005444518.0,5973.432102,827180345.0,15463252.0,1.6457116466959822,0.12313381102684652
raytrace,ns_m_scop_noci_picky_cohmem_prioritized_doubley_memory_mclb_hops,,4081714501.0,12767402.0,7004959222.0,5970.054633,826617455.0,15480030.0,1.6464863002644203,0.12307847704376561
raytrace,ns_s_latop_noci_picky_cohmem_prioritized_doubley_memory_mclb_hops,,4062510767.0,12575720.0,7004833829.0,5593.80259,815932085.0,15411595.0,1.6670616204053097,0.12321799982254518
raytrace,ns_l_scop_noci_picky_cohmem_prioritized_doubley_memory_mclb_hops,,4086130534.0,12811395.0,7005835213.0,6004.888216,829130634.0,15498561.0,1.641938771706341,0.12310717856749874
raytrace,ns_m_latop_noci_picky_cohmem_prioritized_doubley_memory_mclb_hops,,4076199391.0,12756563.0,7005463533.0,5948.692059,827898026.0,15462637.0,1.6433140530044383,0.12320307267551081
raytrace,ns_s_scop_noci_picky_cohmem_prioritized_doubley_memory_mclb_hops,,4060103002.0,12570433.0,7004979786.0,5617.245671,815521355.0,15401887.0,1.6682324848405305,0.12323345772987686
raytrace,mesh_noci_naive_hops,,4148136203.0,13574548.0,7006550397.0,7759.67788,876898330.0,15734014.0,1.5525295183987156,0.12293514719238553
ferret,ns_l_latop_noci_picky_cohmem_prioritized_doubley_memory_mclb_hops,,13618365917.0,124568.0,950535569.0,6593.740397,469161509.0,51780854.0,0.4514977544948176,0.2934609527684089
ferret,ns_m_scop_noci_picky_cohmem_prioritized_doubley_memory_mclb_hops,,13421976190.0,118607.0,950651226.0,6568.256805,469059184.0,51034125.0,0.42912284374474124,0.3115604910272618
ferret,ns_s_latop_noci_picky_cohmem_prioritized_doubley_memory_mclb_hops,,13201936714.0,115385.0,967453064.0,6181.059077,467953069.0,50197473.0,0.448641769333914,0.31227996861875745
ferret,ns_l_scop_noci_picky_cohmem_prioritized_doubley_memory_mclb_hops,,13752574554.0,124976.0,950907139.0,6697.094645,489695657.0,52291153.0,0.41729647764654304,0.3091398741834489
ferret,ns_m_latop_noci_picky_cohmem_prioritized_doubley_memory_mclb_hops,,13402326145.0,116309.0,948661514.0,6580.323931,468363731.0,50959410.0,0.43045790228846764,0.3191502282050122
ferret,ns_s_scop_noci_picky_cohmem_prioritized_doubley_memory_mclb_hops,,13284311996.0,116604.0,951165803.0,6206.214087,458951946.0,50510687.0,0.44914112566709896,0.3114880123741439
ferret,mesh_noci_naive_hops,,14084575234.0,143431.0,981636583.0,8162.17367,547428931.0,53553513.0,0.4010790580991145,0.3065369574878213
freqmine,ns_l_latop_noci_picky_cohmem_prioritized_doubley_memory_mclb_hops,,27916315418.0,199572.0,215884758.0,6423.013155,119690195.0,106145686.0,0.3739872577030161,0.3690066251009982
freqmine,ns_m_scop_noci_picky_cohmem_prioritized_doubley_memory_mclb_hops,,28132971399.0,200931.0,215928148.0,6438.879523,120596983.0,106969473.0,0.3751379075203264,0.3694780121782556
freqmine,ns_s_latop_noci_picky_cohmem_prioritized_doubley_memory_mclb_hops,,27536013736.0,190161.0,215815424.0,6114.072664,117673366.0,104699672.0,0.3852197940427199,0.3694038697185945
freqmine,ns_l_scop_noci_picky_cohmem_prioritized_doubley_memory_mclb_hops,,28063054164.0,201650.0,215919693.0,6354.947452,120343873.0,106703628.0,0.3740637499616127,0.36942773816170427
freqmine,ns_m_latop_noci_picky_cohmem_prioritized_doubley_memory_mclb_hops,,27883526682.0,194917.0,215866017.0,6391.467439,119512319.0,106021014.0,0.3746561134428164,0.36915430868382354
freqmine,ns_s_scop_noci_picky_cohmem_prioritized_doubley_memory_mclb_hops,,27490404539.0,191446.0,215798628.0,6049.270614,117526229.0,104526253.0,0.38351744163633145,0.3694464615323927
freqmine,mesh_noci_naive_hops,,29514694499.0,247412.0,216167467.0,8369.816893,127988386.0,112223173.0,0.3400534287267121,0.36849586006181706
blackscholes,ns_l_latop_noci_picky_cohmem_prioritized_doubley_memory_mclb_hops,,19167934177.0,312138.0,2292454640.0,6529.845652,87341090.0,72881879.0,0.3126334693807657,0.1213992347149761
blackscholes,ns_m_scop_noci_picky_cohmem_prioritized_doubley_memory_mclb_hops,,19329656296.0,313466.0,2292391627.0,6644.907499,87902481.0,73496792.0,0.3101383396880385,0.12087257564056145
blackscholes,ns_s_latop_noci_picky_cohmem_prioritized_doubley_memory_mclb_hops,,18808668024.0,297283.0,2292272050.0,6021.428867,85226594.0,71515848.0,0.3172897177894745,0.12075629826530565
blackscholes,ns_l_scop_noci_picky_cohmem_prioritized_doubley_memory_mclb_hops,,19180138955.0,314384.0,2292354265.0,6555.235317,87261905.0,72928285.0,0.30889877597999504,0.12028498411629139
blackscholes,ns_m_latop_noci_picky_cohmem_prioritized_doubley_memory_mclb_hops,,18909837023.0,304358.0,2292319190.0,6298.871574,86088991.0,71900521.0,0.3097005650789046,0.1203833247491931
blackscholes,ns_s_scop_noci_picky_cohmem_prioritized_doubley_memory_mclb_hops,,19079271617.0,299638.0,2292315131.0,6227.671221,86352225.0,72544759.0,0.31797180742974557,0.12034737624512726
blackscholes,mesh_noci_naive_hops,,19556678159.0,364692.0,2292398350.0,7606.950846,90519209.0,74359993.0,0.2777082693495766,0.12077541771892732
dedup,ns_l_latop_noci_picky_cohmem_prioritized_doubley_memory_mclb_hops,,8783251885.0,102929.0,5047193553.0,6824.718464,438706850.0,33396390.0,0.5111406576166774,0.002150138167581842
dedup,ns_m_scop_noci_picky_cohmem_prioritized_doubley_memory_mclb_hops,,8783059369.0,102520.0,5047178184.0,6724.524009,438690844.0,33395658.0,0.5114843450641585,0.002152446884494611
dedup,ns_s_latop_noci_picky_cohmem_prioritized_doubley_memory_mclb_hops,,8782856333.0,98360.0,5047245544.0,6284.363382,438527161.0,33394886.0,0.5254919759408221,0.0021511916563993426
dedup,ns_l_scop_noci_picky_cohmem_prioritized_doubley_memory_mclb_hops,,8783214802.0,104195.0,5047164133.0,6802.302859,438705944.0,33396249.0,0.5101684391488293,0.002149906101773626
dedup,ns_m_latop_noci_picky_cohmem_prioritized_doubley_memory_mclb_hops,,8783250307.0,101312.0,5047200078.0,6690.650675,438688493.0,33396384.0,0.5120170937477705,0.0021518396327164313
dedup,ns_s_scop_noci_picky_cohmem_prioritized_doubley_memory_mclb_hops,,8782829507.0,98817.0,5047226921.0,6251.910074,438538640.0,33394784.0,0.5238152427378194,0.002150653151064638
dedup,mesh_noci_naive_hops,,8785667540.0,120825.0,5047166802.0,8264.958376,439344640.0,33405575.0,0.4689152143824655,0.002157607959305484
x264,ns_l_latop_noci_picky_cohmem_prioritized_doubley_memory_mclb_hops,,1779028784.0,122686.0,521153425.0,6239.702465,9732378.0,3047586.0,0.16788981835387332,3.020105526412368
x264,ns_m_scop_noci_picky_cohmem_prioritized_doubley_memory_mclb_hops,,1777916557.0,118769.0,521149844.0,6246.161169,9710588.0,3029333.0,0.16766292338751954,3.025348989215693
x264,ns_s_latop_noci_picky_cohmem_prioritized_doubley_memory_mclb_hops,,1720510232.0,115142.0,521144873.0,5699.666379,9372464.0,2941974.0,0.1726438247278597,3.0317924240672016
x264,ns_l_scop_noci_picky_cohmem_prioritized_doubley_memory_mclb_hops,,1794142868.0,124545.0,521173218.0,6317.324431,9864646.0,3064499.0,0.17178893507457796,3.0074358310015787
x264,ns_m_latop_noci_picky_cohmem_prioritized_doubley_memory_mclb_hops,,1770437363.0,117384.0,521150520.0,6160.548177,9676215.0,3022200.0,0.1681554256757052,3.0238892824585255
x264,ns_s_scop_noci_picky_cohmem_prioritized_doubley_memory_mclb_hops,,1734391372.0,116479.0,521168872.0,5791.467571,9518552.0,2969459.0,0.17721524979903763,3.017932248244651
x264,mesh_noci_naive_hops,,1897360111.0,138416.0,521181554.0,7463.025662,10590999.0,3226397.0,0.15373501625495817,2.988533190209844
blackscholes,butter_donut_x_noci_nndbt_picky_none,,19619272685.0,333916.0,2292446804.0,7442.500227,90031224.0,74597995.0,0.2929049059072698,0.12077189799633348
blackscholes,dbl_bfly_x_noci_nndbt_picky_none,,19658195633.0,335748.0,2292477026.0,7554.002098,90354285.0,74745991.0,0.29163708322910453,0.12104643450338194
blackscholes,ft_x_noci_nndbt_picky_none,,19378672395.0,321464.0,2292345629.0,6999.539403,88525416.0,73683165.0,0.2978853455911026,0.12052506412477439
blackscholes,kite_large_noci_nndbt_picky_none,,19672089923.0,336090.0,2292460960.0,7434.248143,90208839.0,74798821.0,0.29429882368167054,0.12099443781726936
blackscholes,kite_medium_noci_nndbt_picky_none,,19505720857.0,317927.0,2292434807.0,7099.175132,89099022.0,74166239.0,0.3016505753118931,0.12030720196780574
blackscholes,kite_small_noci_nndbt_picky_none,,19178947302.0,304120.0,2292354252.0,6491.139765,87079459.0,72923754.0,0.3128025301360045,0.12037369493279372
blackscholes,lpbt_m_latop_noci_nndbt_picky_none,,19287449004.0,323955.0,2292379708.0,6913.825112,88263288.0,73336308.0,0.2981867646695964,0.12070932446102328
blackscholes,lpbt_s_latop_noci_nndbt_picky_none,,18847028941.0,311545.0,2292285917.0,6303.998569,85973477.0,71661707.0,0.30474894858329293,0.120747689872513
blackscholes,lpbt_s_power_noci_nndbt_picky_none,,19000192251.0,306857.0,2292325496.0,6404.690148,86578927.0,72244077.0,0.3065494896203054,0.12035007381970313
bodytrack,butter_donut_x_noci_nndbt_picky_none,,45276574325.0,53723059.0,5776976193.0,8759.840528,3322381298.0,88082482.0,0.8817322549232423,0.05642518420177312
bodytrack,dbl_bfly_x_noci_nndbt_picky_none,,46004716651.0,54530542.0,5780080028.0,9368.679509,3464768870.0,88896559.0,0.846912301415977,0.05665748898556212
bodytrack,ft_x_noci_nndbt_picky_none,,40997443082.0,50067783.0,5766238507.0,7968.814976,3137706264.0,87247754.0,0.9303049351430829,0.05659047849986011
bodytrack,kite_large_noci_nndbt_picky_none,,43345580722.0,53130534.0,5768512477.0,8704.01857,3304002179.0,88010112.0,0.8839893309904939,0.05595089876545781
bodytrack,kite_medium_noci_nndbt_picky_none,,44449648410.0,49019163.0,5776772468.0,7890.200971,3131855880.0,86206748.0,0.935256842002539,0.05675303193920913
bodytrack,kite_small_noci_nndbt_picky_none,,41058310224.0,46130924.0,5769846388.0,7056.905405,2941050530.0,83507891.0,0.9925685301173254,0.05528941827371683
bodytrack,lpbt_m_latop_noci_nndbt_picky_none,,40683607286.0,50118695.0,5758170991.0,8187.290948,3178157153.0,93495826.0,0.9157683556511919,0.05608491721894663
bodytrack,lpbt_s_latop_noci_nndbt_picky_none,,43046752232.0,50835705.0,5774743785.0,8137.947583,3195551412.0,84090478.0,0.9150187986318759,0.05645247354870683
bodytrack,lpbt_s_power_noci_nndbt_picky_none,,40275811847.0,50601256.0,5761165352.0,7966.393245,3143644508.0,84273063.0,0.9264175696704349,0.055841853062950086
canneal,butter_donut_x_noci_nndbt_picky_none,,301457054546.0,2168652.0,2003610247.0,6872.663209,1282830278.0,1146224542.0,0.3859792046326289,3.76195896768719
canneal,dbl_bfly_x_noci_nndbt_picky_none,,304867018129.0,2215942.0,2004206774.0,7024.147941,1297908712.0,1159190183.0,0.38434914690390987,3.746987130358539
canneal,ft_x_noci_nndbt_picky_none,,288965171544.0,2079577.0,2001358821.0,6452.523397,1227251722.0,1098726888.0,0.393652255306651,3.8199238570821827
canneal,kite_large_noci_nndbt_picky_none,,296540830788.0,2175273.0,2002722390.0,6662.089649,1261827324.0,1127531676.0,0.38647261907649816,3.7848392460188447
canneal,kite_medium_noci_nndbt_picky_none,,289492702467.0,2038280.0,2001502931.0,6489.650138,1229120500.0,1100732709.0,0.39488217666897457,3.8166513114642338
canneal,kite_small_noci_nndbt_picky_none,,275885096143.0,1873990.0,1999043515.0,5917.878944,1166953797.0,1048992761.0,0.409602173178287,3.881611894697156
canneal,lpbt_m_latop_noci_nndbt_picky_none,,293847194256.0,2119221.0,2002254717.0,6694.414167,1247987598.0,1117289712.0,0.39350007383830454,3.7966151047230023
canneal,lpbt_s_latop_noci_nndbt_picky_none,,279515719882.0,1943884.0,1999680755.0,6058.361969,1183921150.0,1062797414.0,0.4041168286490382,3.8642999550264645
canneal,lpbt_s_power_noci_nndbt_picky_none,,275111837745.0,1865165.0,1998940729.0,5845.497602,1165023920.0,1046052615.0,0.4051923181583358,3.884613453865367
dedup,butter_donut_x_noci_nndbt_picky_none,,8785003728.0,110799.0,5047222528.0,7842.932979,439084823.0,33403051.0,0.48576320455865907,0.002149522137741569
dedup,dbl_bfly_x_noci_nndbt_picky_none,,8785216495.0,112013.0,5047241760.0,8006.16952,439134632.0,33403860.0,0.48507158951169016,0.0021474854730591255
dedup,ft_x_noci_nndbt_picky_none,,8784141351.0,108368.0,5047194136.0,7373.351255,438916143.0,33399772.0,0.4956510951017828,0.0021475713618614
dedup,kite_large_noci_nndbt_picky_none,,8784773603.0,112028.0,5047219990.0,7788.96396,439053620.0,33402176.0,0.48728609119518684,0.0021418216531170894
dedup,kite_medium_noci_nndbt_picky_none,,8784497716.0,106094.0,5047271527.0,7314.296629,438924461.0,33401127.0,0.4989404505361009,0.0021457207613758546
dedup,kite_small_noci_nndbt_picky_none,,8783287390.0,100549.0,5047232615.0,6611.85254,438660782.0,33396525.0,0.5140005926891213,0.002146650320735913
dedup,lpbt_m_latop_noci_nndbt_picky_none,,8784099008.0,108951.0,5047179615.0,7358.248753,438909785.0,33399611.0,0.49589056440693147,0.0021447432871012748
dedup,lpbt_s_latop_noci_nndbt_picky_none,,8783580898.0,104422.0,5047227043.0,6847.166542,438750863.0,33397641.0,0.5073512436540291,0.00215778984131555
dedup,lpbt_s_power_noci_nndbt_picky_none,,8783540922.0,102056.0,5047250307.0,6817.412223,438746130.0,33397489.0,0.5077398597094104,0.002150043054112746
facesim,butter_donut_x_noci_nndbt_picky_none,,23708137893.0,571469.0,3895188185.0,7746.488534,477036814.0,70077892.0,0.7581964955334184,0.31236519330953927
facesim,dbl_bfly_x_noci_nndbt_picky_none,,24128382437.0,537774.0,3894062360.0,7970.522377,482730195.0,70286446.0,0.7484992114014388,0.3123382406538425
facesim,ft_x_noci_nndbt_picky_none,,23106174288.0,519644.0,3895700037.0,7192.673512,462280572.0,68699145.0,0.8110833840054477,0.3119840013577629
facesim,kite_large_noci_nndbt_picky_none,,23870164566.0,562357.0,3894555420.0,7666.524521,474795908.0,69678398.0,0.7665392318300687,0.31225176430207063
facesim,kite_medium_noci_nndbt_picky_none,,23073707990.0,471175.0,3892836382.0,7173.45292,460430940.0,68734863.0,0.7597832097773308,0.3134424398719157
facesim,kite_small_noci_nndbt_picky_none,,22527387821.0,487381.0,3893148180.0,6446.616041,440925144.0,67186329.0,0.8277687748861244,0.31258624147079334
facesim,lpbt_m_latop_noci_nndbt_picky_none,,23084257709.0,426654.0,3894586969.0,7328.515718,464726316.0,69632352.0,0.7552991547549194,0.3117419582108835
facesim,lpbt_s_latop_noci_nndbt_picky_none,,23408289226.0,482762.0,3896709781.0,7125.78382,462740388.0,68089240.0,0.7962651677107359,0.3110608693013269
facesim,lpbt_s_power_noci_nndbt_picky_none,,22558150931.0,469788.0,3894711016.0,6823.49922,452607327.0,67210796.0,0.8214052249760494,0.31206989265092167
ferret,butter_donut_x_noci_nndbt_picky_none,,13981845593.0,127713.0,959683224.0,7764.573065,514491106.0,53162906.0,0.40412959910747603,0.30688626800142726
ferret,dbl_bfly_x_noci_nndbt_picky_none,,15694902405.0,144058.0,925645041.0,7682.204224,423436771.0,59676430.0,0.40795315817243155,0.2852021315344193
ferret,ft_x_noci_nndbt_picky_none,,17603563100.0,153963.0,1084126047.0,7248.572769,599127225.0,66933695.0,0.45486031964940854,0.2711568171714885
ferret,kite_large_noci_nndbt_picky_none,,22778182254.0,197675.0,1051385130.0,7706.64188,568195712.0,86609053.0,0.4398065303763823,0.23497537669967863
ferret,kite_medium_noci_nndbt_picky_none,,13699144526.0,124812.0,977508924.0,7269.301444,530472492.0,52087997.0,0.4208540714403946,0.3425328276179041
ferret,kite_small_noci_nndbt_picky_none,,13598989655.0,120176.0,1013015080.0,6600.049629,491003702.0,51707180.0,0.4833510896139742,0.2674778199496112
ferret,lpbt_m_latop_noci_nndbt_picky_none,,13869199800.0,128773.0,950726094.0,7331.373451,492747008.0,52734595.0,0.41914576098231066,0.32452803685341186
ferret,lpbt_s_latop_noci_nndbt_picky_none,,13828404292.0,123856.0,991759227.0,6987.206336,521437029.0,52579479.0,0.44351673088422144,0.3220681334859029
ferret,lpbt_s_power_noci_nndbt_picky_none,,13546560079.0,117481.0,966668706.0,6919.328604,510400799.0,51507828.0,0.42248888503926557,0.32937464614658035
fluidanimate,butter_donut_x_noci_nndbt_picky_none,,24131628909.0,71417991.0,10199304344.0,8590.819249,4567635466.0,90361475.0,1.122179979328107,0.12761090118691198
fluidanimate,dbl_bfly_x_noci_nndbt_picky_none,,24320795078.0,73132896.0,10199791546.0,9266.077406,4661541812.0,92020329.0,1.099298394833051,0.12907820235316902
fluidanimate,ft_x_noci_nndbt_picky_none,,23284256322.0,70834600.0,10133270019.0,7904.292776,4465354063.0,88289103.0,1.1330168220691916,0.12920208259020388
fluidanimate,kite_large_noci_nndbt_picky_none,,23737188347.0,71455829.0,10120838110.0,8579.889355,4508870404.0,90194570.0,1.11904924890027,0.1308194906149412
fluidanimate,kite_medium_noci_nndbt_picky_none,,23441449844.0,70760414.0,10196295621.0,7844.25269,4501068274.0,88525713.0,1.1378617031417522,0.1272077107254672
fluidanimate,kite_small_noci_nndbt_picky_none,,23245470134.0,69199963.0,10182305918.0,7071.438407,4451103411.0,88268334.0,1.1476254655609088,0.12928605462422377
fluidanimate,lpbt_m_latop_noci_nndbt_picky_none,,23471804252.0,71320963.0,10163894536.0,8198.539085,4498001921.0,88929770.0,1.1316736862348806,0.12775382073093033
fluidanimate,lpbt_s_latop_noci_nndbt_picky_none,,23521704820.0,71102671.0,10166313952.0,8367.013072,4495653949.0,89252876.0,1.132923126878946,0.12738298643889118
fluidanimate,lpbt_s_power_noci_nndbt_picky_none,,24259334608.0,71553255.0,10182355820.0,8129.730373,4525869776.0,90050056.0,1.1287443149782295,0.13007194989046256
freqmine,butter_donut_x_noci_nndbt_picky_none,,28935284722.0,210452.0,216062983.0,7454.742059,124797307.0,110020094.0,0.3553605749517472,0.3685890924910191
freqmine,dbl_bfly_x_noci_nndbt_picky_none,,29048339217.0,216341.0,216077619.0,7591.117209,125337167.0,110449959.0,0.35374569065746375,0.368535973054545
freqmine,ft_x_noci_nndbt_picky_none,,28456083205.0,209273.0,215974358.0,7020.965302,122435634.0,108198035.0,0.36266236078986314,0.36899140112905615
freqmine,kite_large_noci_nndbt_picky_none,,28546213305.0,213657.0,215990465.0,7035.829041,123095841.0,108540735.0,0.3558155420988362,0.3688367817640499
freqmine,kite_medium_noci_nndbt_picky_none,,28362338959.0,201872.0,215966358.0,6909.380493,122004206.0,107841593.0,0.36377924477485934,0.3690547142574091
freqmine,kite_small_noci_nndbt_picky_none,,27674838286.0,192931.0,215816530.0,6404.669268,118532883.0,105227522.0,0.37641727940352765,0.36924172062593247
freqmine,lpbt_m_latop_noci_nndbt_picky_none,,28137241993.0,206083.0,215927098.0,6996.615155,121108175.0,106985711.0,0.36201022525897114,0.36904108951469117
freqmine,lpbt_s_latop_noci_nndbt_picky_none,,27959371674.0,200577.0,215867590.0,6723.647835,119936067.0,106309398.0,0.371367655415367,0.36902123974230233
freqmine,lpbt_s_power_noci_nndbt_picky_none,,27787475137.0,192687.0,215860338.0,6565.907581,119209776.0,105655799.0,0.37190418326665975,0.36905366971988973
raytrace,butter_donut_x_noci_nndbt_picky_none,,4128416726.0,13163510.0,7006921932.0,6995.769016,852452423.0,15660909.0,1.5978333479958218,0.12285527413301627
raytrace,dbl_bfly_x_noci_nndbt_picky_none,,4141900736.0,13250311.0,7007460937.0,7199.349286,855213149.0,15711059.0,1.593277601102277,0.12276076999910716
raytrace,ft_x_noci_nndbt_picky_none,,4105691685.0,13077390.0,7007776682.0,6567.258771,845796031.0,15570373.0,1.6119123247163418,0.12258511447786397
raytrace,kite_large_noci_nndbt_picky_none,,4117866218.0,13104192.0,7006273989.0,6885.396596,848368956.0,15620136.0,1.605416028425298,0.12289585485289757
raytrace,kite_medium_noci_nndbt_picky_none,,4098644074.0,12963811.0,7006073016.0,6521.069674,840441150.0,15549567.0,1.6195340444598958,0.12298820886556154
raytrace,kite_small_noci_nndbt_picky_none,,4069494469.0,12697600.0,7005399977.0,5970.202674,824478471.0,15436627.0,1.6504833788623343,0.12320809956961302
raytrace,lpbt_m_latop_noci_nndbt_picky_none,,4111444547.0,13046139.0,7006998156.0,6609.159339,843441380.0,15595300.0,1.6152291182538714,0.12290548280179191
raytrace,lpbt_s_latop_noci_nndbt_picky_none,,4085253166.0,12873527.0,7006281142.0,6382.656252,834756335.0,15497351.0,1.6314354892217315,0.12301149917746837
raytrace,lpbt_s_power_noci_nndbt_picky_none,,4090015570.0,12765818.0,7005377099.0,6241.664609,828103494.0,15512869.0,1.6431867930894295,0.12296949029643574
streamcluster,butter_donut_x_noci_nndbt_picky_none,,50804429042.0,86184855.0,4075843492.0,8628.141844,4998948891.0,110852370.0,0.7828216998151682,0.1545248820674232
streamcluster,dbl_bfly_x_noci_nndbt_picky_none,,52890929548.0,75386853.0,4379395832.0,9243.646902,4700681131.0,110965121.0,0.893722314798511,0.1296408715527535
streamcluster,ft_x_noci_nndbt_picky_none,,51486142400.0,83031380.0,4169105061.0,7950.95484,4936539395.0,107842785.0,0.811171523714303,0.15280084147442957
streamcluster,kite_large_noci_nndbt_picky_none,,51699584521.0,72024272.0,4075192703.0,8754.157434,4390396953.0,100521101.0,0.8894306872810704,0.13329430617901236
streamcluster,kite_medium_noci_nndbt_picky_none,,51560145077.0,74793802.0,4057424067.0,7961.965107,4609211546.0,102916354.0,0.8449973313136377,0.1439307502250294
streamcluster,kite_small_noci_nndbt_picky_none,,53542691677.0,86023074.0,4139911618.0,6942.534298,5218523457.0,113525429.0,0.762471758546794,0.17568159415105622
streamcluster,lpbt_m_latop_noci_nndbt_picky_none,,48042484046.0,69216944.0,3802187718.0,8130.446049,4205437495.0,98735353.0,0.865036743735345,0.14425254257019665
streamcluster,lpbt_s_latop_noci_nndbt_picky_none,,55577818552.0,82951964.0,4443066947.0,7877.833245,5439507966.0,117929271.0,0.7865751330466938,0.16389712610238746
streamcluster,lpbt_s_power_noci_nndbt_picky_none,,52797996657.0,69764824.0,4051086936.0,7611.301537,4716264426.0,107958074.0,0.823981565377543,0.15812602516268504
swaptions,butter_donut_x_noci_nndbt_picky_none,,13988851650.0,53189547.0,11875901944.0,8621.393201,3404131041.0,53189547.0,1.6461185144640662,0.0027179628029953304
swaptions,dbl_bfly_x_noci_nndbt_picky_none,,14050605365.0,53424352.0,11850190615.0,8974.008565,3419158579.0,53424352.0,1.630515730926617,0.0027307068508152336
swaptions,ft_x_noci_nndbt_picky_none,,13897709789.0,52843000.0,11932233519.0,7977.216373,3381952051.0,52843000.0,1.6755130938088643,0.0026963392053630762
swaptions,kite_large_noci_nndbt_picky_none,,13939540728.0,53002053.0,11861605158.0,8603.597971,3392131443.0,53002053.0,1.6474222309814095,0.002725322377527852
swaptions,kite_medium_noci_nndbt_picky_none,,13864993904.0,52718605.0,11928398054.0,7922.886116,3373990771.0,52718605.0,1.6784567723658526,0.002697785570595344
swaptions,kite_small_noci_nndbt_picky_none,,13812194287.0,52517846.0,12011968168.0,7157.670752,3361142178.0,52517846.0,1.7122921166183125,0.0026630103629775004
swaptions,lpbt_m_latop_noci_nndbt_picky_none,,13901305525.0,52856672.0,11923872134.0,8023.184764,3382827059.0,52856672.0,1.6726956531080015,0.002699415241059433
swaptions,lpbt_s_latop_noci_nndbt_picky_none,,13873857004.0,52752305.0,11942217277.0,7780.235792,3376147569.0,52752305.0,1.6824071410592998,0.0026920720975960265
swaptions,lpbt_s_power_noci_nndbt_picky_none,,13877635525.0,52766672.0,11964885813.0,7630.62152,3377067059.0,52766672.0,1.6891993633586733,0.002684533818007832
x264,butter_donut_x_noci_nndbt_picky_none,,1865456370.0,129455.0,521176598.0,7175.399336,10315739.0,3167942.0,0.16237218606138715,2.996407294359755
x264,dbl_bfly_x_noci_nndbt_picky_none,,1869758261.0,132311.0,521189564.0,7208.673082,10399797.0,3180021.0,0.16399129409901547,2.986054897818212
x264,ft_x_noci_nndbt_picky_none,,1824483074.0,125850.0,521158225.0,6805.159604,10031303.0,3116399.0,0.16281591551772348,3.013312554771906
x264,kite_large_noci_nndbt_picky_none,,1848732726.0,130270.0,521185706.0,7029.249787,10259723.0,3146528.0,0.1654538168672824,2.9934602269808206
x264,kite_medium_noci_nndbt_picky_none,,1824233750.0,125748.0,521177984.0,6743.950079,10082869.0,3112669.0,0.167416547349447,3.0020779961377784
x264,kite_small_noci_nndbt_picky_none,,1757490399.0,117827.0,521170396.0,6120.080313,9666095.0,2997859.0,0.17346529946547495,3.013415320299682
x264,lpbt_m_latop_noci_nndbt_picky_none,,1816473146.0,126155.0,521153592.0,6735.078579,9993535.0,3100535.0,0.16103841413431635,3.017563127152276
x264,lpbt_s_latop_noci_nndbt_picky_none,,1791589664.0,124678.0,521173726.0,6404.089369,9877107.0,3069690.0,0.1703600799556229,3.0078912108685265
x264,lpbt_s_power_noci_nndbt_picky_none,,1756756366.0,117919.0,521147186.0,6173.268501,9639065.0,3006805.0,0.16542421813505512,3.0246107246379346
