bench,config,description,simTicks,numCycles,simInsts,average_packet_latency,cumulativeCycles,maxCycles,geoIPC
canneal,ns_l_latop_noci_picky_cohmem_prioritized_doubley_memory_mclb_hops,,279317000764.0,1930939.0,1999938486.0,5792.513132,1182300003.0,1062041828.0,0.40795330912180594
canneal,ns_m_scop_noci_picky_cohmem_prioritized_doubley_memory_mclb_hops,,274456253963.0,1911729.0,1998938176.0,5702.027459,1161626212.0,1043559901.0,0.4077164820531828
canneal,ns_s_latop_noci_picky_cohmem_prioritized_doubley_memory_mclb_hops,,266116228351.0,1790075.0,1997212752.0,5359.103363,1123052993.0,1011848777.0,0.4179786755144452
canneal,ns_l_scop_noci_picky_cohmem_prioritized_doubley_memory_mclb_hops,,279991810372.0,1957698.0,1999819814.0,5838.858305,1185129835.0,1064607644.0,0.40696589405770156
canneal,ns_m_latop_noci_picky_cohmem_prioritized_doubley_memory_mclb_hops,,274612484379.0,1885287.0,1998883906.0,5683.68513,1161989486.0,1044153933.0,0.4083919770950602
canneal,ns_s_scop_noci_picky_cohmem_prioritized_doubley_memory_mclb_hops,,268153415305.0,1814972.0,1997425122.0,5481.666484,1131864597.0,1019594735.0,0.4162135276337164
bodytrack,ns_l_latop_noci_picky_cohmem_prioritized_doubley_memory_mclb_hops,,41463667127.0,45542271.0,5772966008.0,6997.357559,2934256774.0,84251062.0,0.9960332972344953
bodytrack,ns_m_scop_noci_picky_cohmem_prioritized_doubley_memory_mclb_hops,,42063825763.0,45850150.0,5772597854.0,6965.763922,2930634322.0,83615763.0,0.9971477003514019
bodytrack,ns_s_latop_noci_picky_cohmem_prioritized_doubley_memory_mclb_hops,,36894957893.0,44871265.0,5758345878.0,6515.18582,2817142913.0,82396584.0,1.031927372893133
bodytrack,ns_l_scop_noci_picky_cohmem_prioritized_doubley_memory_mclb_hops,,43831250198.0,46420202.0,5776586497.0,7036.789289,2951926853.0,84593527.0,0.9916535986999424
bodytrack,ns_m_latop_noci_picky_cohmem_prioritized_doubley_memory_mclb_hops,,42232175219.0,46404938.0,5773054312.0,6938.460442,2924097601.0,83452146.0,0.9995027251261552
bodytrack,ns_s_scop_noci_picky_cohmem_prioritized_doubley_memory_mclb_hops,,40389921761.0,44957437.0,5762096289.0,6476.853593,2814763227.0,82348840.0,1.0342135262190377
streamcluster,ns_l_latop_noci_picky_cohmem_prioritized_doubley_memory_mclb_hops,,46606488266.0,63126215.0,3713749439.0,7207.00289,3761288007.0,95508734.0,0.943454532353983
streamcluster,ns_m_scop_noci_picky_cohmem_prioritized_doubley_memory_mclb_hops,,47984876526.0,66391797.0,4024385695.0,7115.338665,4060631788.0,105244796.0,0.9489605894523153
streamcluster,ns_s_latop_noci_picky_cohmem_prioritized_doubley_memory_mclb_hops,,52436613091.0,76899069.0,4215874307.0,6550.279672,4935194334.0,108684076.0,0.8214985885000592
streamcluster,ns_l_scop_noci_picky_cohmem_prioritized_doubley_memory_mclb_hops,,49692445054.0,70850715.0,3845453835.0,7041.145373,4308519695.0,111192465.0,0.8552001739635893
streamcluster,ns_m_latop_noci_picky_cohmem_prioritized_doubley_memory_mclb_hops,,51395160706.0,77527489.0,4207066593.0,7097.452023,4608483773.0,106970177.0,0.8771400460352968
streamcluster,ns_s_scop_noci_picky_cohmem_prioritized_doubley_memory_mclb_hops,,52104756272.0,81961082.0,4290500781.0,6520.78166,4911011316.0,107814098.0,0.8401706567373965
facesim,ns_l_latop_noci_picky_cohmem_prioritized_doubley_memory_mclb_hops,,22852182827.0,437300.0,3892353987.0,6518.667976,443772293.0,67120746.0,0.8079488890793954
facesim,ns_m_scop_noci_picky_cohmem_prioritized_doubley_memory_mclb_hops,,22818634021.0,550327.0,3894053893.0,6466.122737,443801356.0,66590074.0,0.8264868670290183
facesim,ns_s_latop_noci_picky_cohmem_prioritized_doubley_memory_mclb_hops,,22758687379.0,584168.0,3894189258.0,6065.968047,433285095.0,65878997.0,0.8489957929990429
facesim,ns_l_scop_noci_picky_cohmem_prioritized_doubley_memory_mclb_hops,,22926325946.0,475490.0,3894608946.0,6550.619106,445849369.0,67232729.0,0.8241438616776998
facesim,ns_m_latop_noci_picky_cohmem_prioritized_doubley_memory_mclb_hops,,22739175935.0,500708.0,3894509660.0,6485.981668,444344612.0,66966001.0,0.8329183277211972
facesim,ns_s_scop_noci_picky_cohmem_prioritized_doubley_memory_mclb_hops,,22340405078.0,378394.0,3892590930.0,6043.409038,431129327.0,66000394.0,0.8279039220580091
raytrace,ns_l_latop_noci_picky_cohmem_prioritized_doubley_memory_mclb_hops,,4075855387.0,15463252.0,7005444518.0,5973.432102,827180345.0,15463252.0,1.6457116466959822
raytrace,ns_m_scop_noci_picky_cohmem_prioritized_doubley_memory_mclb_hops,,4081714501.0,12767402.0,7004959222.0,5970.054633,826617455.0,15480030.0,1.6464863002644203
raytrace,ns_s_latop_noci_picky_cohmem_prioritized_doubley_memory_mclb_hops,,4062510767.0,12575720.0,7004833829.0,5593.80259,815932085.0,15411595.0,1.6670616204053097
raytrace,ns_l_scop_noci_picky_cohmem_prioritized_doubley_memory_mclb_hops,,4086130534.0,12811395.0,7005835213.0,6004.888216,829130634.0,15498561.0,1.641938771706341
raytrace,ns_m_latop_noci_picky_cohmem_prioritized_doubley_memory_mclb_hops,,4076199391.0,12756563.0,7005463533.0,5948.692059,827898026.0,15462637.0,1.6433140530044383
raytrace,ns_s_scop_noci_picky_cohmem_prioritized_doubley_memory_mclb_hops,,4060103002.0,12570433.0,7004979786.0,5617.245671,815521355.0,15401887.0,1.6682324848405305
ferret,ns_l_latop_noci_picky_cohmem_prioritized_doubley_memory_mclb_hops,,13618365917.0,124568.0,950535569.0,6593.740397,469161509.0,51780854.0,0.4514977544948176
ferret,ns_m_scop_noci_picky_cohmem_prioritized_doubley_memory_mclb_hops,,13421976190.0,118607.0,950651226.0,6568.256805,469059184.0,51034125.0,0.42912284374474124
ferret,ns_s_latop_noci_picky_cohmem_prioritized_doubley_memory_mclb_hops,,13201936714.0,115385.0,967453064.0,6181.059077,467953069.0,50197473.0,0.448641769333914
ferret,ns_l_scop_noci_picky_cohmem_prioritized_doubley_memory_mclb_hops,,13752574554.0,124976.0,950907139.0,6697.094645,489695657.0,52291153.0,0.41729647764654304
ferret,ns_m_latop_noci_picky_cohmem_prioritized_doubley_memory_mclb_hops,,13402326145.0,116309.0,948661514.0,6580.323931,468363731.0,50959410.0,0.43045790228846764
ferret,ns_s_scop_noci_picky_cohmem_prioritized_doubley_memory_mclb_hops,,13284311996.0,116604.0,951165803.0,6206.214087,458951946.0,50510687.0,0.44914112566709896
freqmine,ns_l_latop_noci_picky_cohmem_prioritized_doubley_memory_mclb_hops,,27916315418.0,199572.0,215884758.0,6423.013155,119690195.0,106145686.0,0.3739872577030161
freqmine,ns_m_scop_noci_picky_cohmem_prioritized_doubley_memory_mclb_hops,,28132971399.0,200931.0,215928148.0,6438.879523,120596983.0,106969473.0,0.3751379075203264
freqmine,ns_s_latop_noci_picky_cohmem_prioritized_doubley_memory_mclb_hops,,27536013736.0,190161.0,215815424.0,6114.072664,117673366.0,104699672.0,0.3852197940427199
freqmine,ns_l_scop_noci_picky_cohmem_prioritized_doubley_memory_mclb_hops,,28063054164.0,201650.0,215919693.0,6354.947452,120343873.0,106703628.0,0.3740637499616127
freqmine,ns_m_latop_noci_picky_cohmem_prioritized_doubley_memory_mclb_hops,,27883526682.0,194917.0,215866017.0,6391.467439,119512319.0,106021014.0,0.3746561134428164
freqmine,ns_s_scop_noci_picky_cohmem_prioritized_doubley_memory_mclb_hops,,27490404539.0,191446.0,215798628.0,6049.270614,117526229.0,104526253.0,0.38351744163633145
blackscholes,ns_l_latop_noci_picky_cohmem_prioritized_doubley_memory_mclb_hops,,19167934177.0,312138.0,2292454640.0,6529.845652,87341090.0,72881879.0,0.3126334693807657
blackscholes,ns_m_scop_noci_picky_cohmem_prioritized_doubley_memory_mclb_hops,,19329656296.0,313466.0,2292391627.0,6644.907499,87902481.0,73496792.0,0.3101383396880385
blackscholes,ns_s_latop_noci_picky_cohmem_prioritized_doubley_memory_mclb_hops,,18808668024.0,297283.0,2292272050.0,6021.428867,85226594.0,71515848.0,0.3172897177894745
blackscholes,ns_l_scop_noci_picky_cohmem_prioritized_doubley_memory_mclb_hops,,19180138955.0,314384.0,2292354265.0,6555.235317,87261905.0,72928285.0,0.30889877597999504
blackscholes,ns_m_latop_noci_picky_cohmem_prioritized_doubley_memory_mclb_hops,,18909837023.0,304358.0,2292319190.0,6298.871574,86088991.0,71900521.0,0.3097005650789046
blackscholes,ns_s_scop_noci_picky_cohmem_prioritized_doubley_memory_mclb_hops,,19079271617.0,299638.0,2292315131.0,6227.671221,86352225.0,72544759.0,0.31797180742974557
dedup,ns_l_latop_noci_picky_cohmem_prioritized_doubley_memory_mclb_hops,,8783251885.0,102929.0,5047193553.0,6824.718464,438706850.0,33396390.0,0.5111406576166774
dedup,ns_m_scop_noci_picky_cohmem_prioritized_doubley_memory_mclb_hops,,8783059369.0,102520.0,5047178184.0,6724.524009,438690844.0,33395658.0,0.5114843450641585
dedup,ns_s_latop_noci_picky_cohmem_prioritized_doubley_memory_mclb_hops,,8782856333.0,98360.0,5047245544.0,6284.363382,438527161.0,33394886.0,0.5254919759408221
dedup,ns_l_scop_noci_picky_cohmem_prioritized_doubley_memory_mclb_hops,,8783214802.0,104195.0,5047164133.0,6802.302859,438705944.0,33396249.0,0.5101684391488293
dedup,ns_m_latop_noci_picky_cohmem_prioritized_doubley_memory_mclb_hops,,8783250307.0,101312.0,5047200078.0,6690.650675,438688493.0,33396384.0,0.5120170937477705
dedup,ns_s_scop_noci_picky_cohmem_prioritized_doubley_memory_mclb_hops,,8782829507.0,98817.0,5047226921.0,6251.910074,438538640.0,33394784.0,0.5238152427378194
x264,ns_l_latop_noci_picky_cohmem_prioritized_doubley_memory_mclb_hops,,1779028784.0,122686.0,521153425.0,6239.702465,9732378.0,3047586.0,0.16788981835387332
x264,ns_m_scop_noci_picky_cohmem_prioritized_doubley_memory_mclb_hops,,1777916557.0,118769.0,521149844.0,6246.161169,9710588.0,3029333.0,0.16766292338751954
x264,ns_s_latop_noci_picky_cohmem_prioritized_doubley_memory_mclb_hops,,1720510232.0,115142.0,521144873.0,5699.666379,9372464.0,2941974.0,0.1726438247278597
x264,ns_l_scop_noci_picky_cohmem_prioritized_doubley_memory_mclb_hops,,1794142868.0,124545.0,521173218.0,6317.324431,9864646.0,3064499.0,0.17178893507457796
x264,ns_m_latop_noci_picky_cohmem_prioritized_doubley_memory_mclb_hops,,1770437363.0,117384.0,521150520.0,6160.548177,9676215.0,3022200.0,0.1681554256757052
x264,ns_s_scop_noci_picky_cohmem_prioritized_doubley_memory_mclb_hops,,1734391372.0,116479.0,521168872.0,5791.467571,9518552.0,2969459.0,0.17721524979903763
canneal,kite_medium_noci_nndbt_injej_none,,289492702467.0,2038280.0,2001502931.0,6489.650138,1229120500.0,1100732709.0,0.39488217666897457
canneal,kite_large_noci_nndbt_injej_none,,296540830788.0,2175273.0,2002722390.0,6662.089649,1261827324.0,1127531676.0,0.38647261907649816
canneal,ft_x_noci_nndbt_injej_none,,288965171544.0,2079577.0,2001358821.0,6452.523397,1227251722.0,1098726888.0,0.393652255306651
canneal,dbl_bfly_x_noci_nndbt_injej_none,,304867018129.0,2215942.0,2004206774.0,7024.147941,1297908712.0,1159190183.0,0.38434914690390987
canneal,butter_donut_x_noci_nndbt_injej_none,,301457054546.0,2168652.0,2003610247.0,6872.663209,1282830278.0,1146224542.0,0.3859792046326289
canneal,kite_small_noci_nndbt_injej_none,,275885096143.0,1873990.0,1999043515.0,5917.878944,1166953797.0,1048992761.0,0.409602173178287
canneal,lpbt_m_latop_noci_nndbt_injej_none,,293847194256.0,2119221.0,2002254717.0,6694.414167,1247987598.0,1117289712.0,0.39350007383830454
canneal,lpbt_s_latop_noci_nndbt_injej_none,,279515719882.0,1943884.0,1999680755.0,6058.361969,1183921150.0,1062797414.0,0.4041168286490382
canneal,lpbt_s_power_noci_nndbt_injej_none,,275111837745.0,1865165.0,1998940729.0,5845.497602,1165023920.0,1046052615.0,0.4051923181583358
bodytrack,lpbt_m_latop_noci_nndbt_injej_none,,40683607286.0,50118695.0,5758170991.0,8187.290948,3178157153.0,93495826.0,0.9157683556511919
bodytrack,kite_medium_noci_nndbt_injej_none,,44449648410.0,49019163.0,5776772468.0,7890.200971,3131855880.0,86206748.0,0.935256842002539
bodytrack,kite_small_noci_nndbt_injej_none,,41058310224.0,46130924.0,5769846388.0,7056.905405,2941050530.0,83507891.0,0.9925685301173254
bodytrack,ft_x_noci_nndbt_injej_none,,40997443082.0,50067783.0,5766238507.0,7968.814976,3137706264.0,87247754.0,0.9303049351430829
bodytrack,kite_large_noci_nndbt_injej_none,,43345580722.0,53130534.0,5768512477.0,8704.01857,3304002179.0,88010112.0,0.8839893309904939
bodytrack,dbl_bfly_x_noci_nndbt_injej_none,,46004716651.0,54530542.0,5780080028.0,9368.679509,3464768870.0,88896559.0,0.846912301415977
bodytrack,butter_donut_x_noci_nndbt_injej_none,,45276574325.0,53723059.0,5776976193.0,8759.840528,3322381298.0,88082482.0,0.8817322549232423
bodytrack,lpbt_s_latop_noci_nndbt_injej_none,,43046752232.0,50835705.0,5774743785.0,8137.947583,3195551412.0,84090478.0,0.9150187986318759
bodytrack,lpbt_s_power_noci_nndbt_injej_none,,40275811847.0,50601256.0,5761165352.0,7966.393245,3143644508.0,84273063.0,0.9264175696704349
streamcluster,kite_large_noci_nndbt_injej_none,,51699584521.0,72024272.0,4075192703.0,8754.157434,4390396953.0,100521101.0,0.8894306872810704
streamcluster,kite_medium_noci_nndbt_injej_none,,51560145077.0,74793802.0,4057424067.0,7961.965107,4609211546.0,102916354.0,0.8449973313136377
streamcluster,butter_donut_x_noci_nndbt_injej_none,,50804429042.0,86184855.0,4075843492.0,8628.141844,4998948891.0,110852370.0,0.7828216998151682
streamcluster,ft_x_noci_nndbt_injej_none,,51486142400.0,83031380.0,4169105061.0,7950.95484,4936539395.0,107842785.0,0.811171523714303
streamcluster,dbl_bfly_x_noci_nndbt_injej_none,,52890929548.0,75386853.0,4379395832.0,9243.646902,4700681131.0,110965121.0,0.893722314798511
streamcluster,kite_small_noci_nndbt_injej_none,,53542691677.0,86023074.0,4139911618.0,6942.534298,5218523457.0,113525429.0,0.762471758546794
streamcluster,lpbt_s_latop_noci_nndbt_injej_none,,55577818552.0,82951964.0,4443066947.0,7877.833245,5439507966.0,117929271.0,0.7865751330466938
streamcluster,lpbt_m_latop_noci_nndbt_injej_none,,48042484046.0,69216944.0,3802187718.0,8130.446049,4205437495.0,98735353.0,0.865036743735345
streamcluster,lpbt_s_power_noci_nndbt_injej_none,,52797996657.0,69764824.0,4051086936.0,7611.301537,4716264426.0,107958074.0,0.823981565377543
ferret,lpbt_s_power_noci_nndbt_injej_none,,13546560079.0,117481.0,966668706.0,6919.328604,510400799.0,51507828.0,0.42248888503926557
ferret,lpbt_m_latop_noci_nndbt_injej_none,,13869199800.0,128773.0,950726094.0,7331.373451,492747008.0,52734595.0,0.41914576098231066
ferret,kite_small_noci_nndbt_injej_none,,13598989655.0,120176.0,1013015080.0,6600.049629,491003702.0,51707180.0,0.4833510896139742
ferret,kite_medium_noci_nndbt_injej_none,,13699144526.0,124812.0,977508924.0,7269.301444,530472492.0,52087997.0,0.4208540714403946
ferret,lpbt_s_latop_noci_nndbt_injej_none,,13828404292.0,123856.0,991759227.0,6987.206336,521437029.0,52579479.0,0.44351673088422144
ferret,ft_x_noci_nndbt_injej_none,,17603563100.0,153963.0,1084126047.0,7248.572769,599127225.0,66933695.0,0.45486031964940854
ferret,kite_large_noci_nndbt_injej_none,,22778182254.0,197675.0,1051385130.0,7706.64188,568195712.0,86609053.0,0.4398065303763823
ferret,dbl_bfly_x_noci_nndbt_injej_none,,15694902405.0,144058.0,925645041.0,7682.204224,423436771.0,59676430.0,0.40795315817243155
ferret,butter_donut_x_noci_nndbt_injej_none,,13981845593.0,127713.0,959683224.0,7764.573065,514491106.0,53162906.0,0.40412959910747603
freqmine,lpbt_m_latop_noci_nndbt_injej_none,,28137241993.0,206083.0,215927098.0,6996.615155,121108175.0,106985711.0,0.36201022525897114
freqmine,lpbt_s_latop_noci_nndbt_injej_none,,27959371674.0,200577.0,215867590.0,6723.647835,119936067.0,106309398.0,0.371367655415367
freqmine,lpbt_s_power_noci_nndbt_injej_none,,27787475137.0,192687.0,215860338.0,6565.907581,119209776.0,105655799.0,0.37190418326665975
freqmine,kite_small_noci_nndbt_injej_none,,27674838286.0,192931.0,215816530.0,6404.669268,118532883.0,105227522.0,0.37641727940352765
freqmine,kite_medium_noci_nndbt_injej_none,,28362338959.0,201872.0,215966358.0,6909.380493,122004206.0,107841593.0,0.36377924477485934
freqmine,ft_x_noci_nndbt_injej_none,,28456083205.0,209273.0,215974358.0,7020.965302,122435634.0,108198035.0,0.36266236078986314
freqmine,kite_large_noci_nndbt_injej_none,,28546213305.0,213657.0,215990465.0,7035.829041,123095841.0,108540735.0,0.3558155420988362
freqmine,butter_donut_x_noci_nndbt_injej_none,,28935284722.0,210452.0,216062983.0,7454.742059,124797307.0,110020094.0,0.3553605749517472
freqmine,dbl_bfly_x_noci_nndbt_injej_none,,29048339217.0,216341.0,216077619.0,7591.117209,125337167.0,110449959.0,0.35374569065746375
facesim,ft_x_noci_nndbt_injej_none,,23106174288.0,519644.0,3895700037.0,7192.673512,462280572.0,68699145.0,0.8110833840054477
facesim,kite_medium_noci_nndbt_injej_none,,23073707990.0,471175.0,3892836382.0,7173.45292,460430940.0,68734863.0,0.7597832097773308
facesim,kite_small_noci_nndbt_injej_none,,22527387821.0,487381.0,3893148180.0,6446.616041,440925144.0,67186329.0,0.8277687748861244
facesim,kite_large_noci_nndbt_injej_none,,23870164566.0,562357.0,3894555420.0,7666.524521,474795908.0,69678398.0,0.7665392318300687
facesim,butter_donut_x_noci_nndbt_injej_none,,23708137893.0,571469.0,3895188185.0,7746.488534,477036814.0,70077892.0,0.7581964955334184
facesim,dbl_bfly_x_noci_nndbt_injej_none,,24128382437.0,537774.0,3894062360.0,7970.522377,482730195.0,70286446.0,0.7484992114014388
facesim,lpbt_m_latop_noci_nndbt_injej_none,,23084257709.0,426654.0,3894586969.0,7328.515718,464726316.0,69632352.0,0.7552991547549194
facesim,lpbt_s_latop_noci_nndbt_injej_none,,23408289226.0,482762.0,3896709781.0,7125.78382,462740388.0,68089240.0,0.7962651677107359
facesim,lpbt_s_power_noci_nndbt_injej_none,,22558150931.0,469788.0,3894711016.0,6823.49922,452607327.0,67210796.0,0.8214052249760494
raytrace,lpbt_s_power_noci_nndbt_injej_none,,4090015570.0,12765818.0,7005377099.0,6241.664609,828103494.0,15512869.0,1.6431867930894295
raytrace,lpbt_m_latop_noci_nndbt_injej_none,,4111444547.0,13046139.0,7006998156.0,6609.159339,843441380.0,15595300.0,1.6152291182538714
raytrace,lpbt_s_latop_noci_nndbt_injej_none,,4085253166.0,12873527.0,7006281142.0,6382.656252,834756335.0,15497351.0,1.6314354892217315
raytrace,ft_x_noci_nndbt_injej_none,,4105691685.0,13077390.0,7007776682.0,6567.258771,845796031.0,15570373.0,1.6119123247163418
raytrace,kite_small_noci_nndbt_injej_none,,4069494469.0,12697600.0,7005399977.0,5970.202674,824478471.0,15436627.0,1.6504833788623343
raytrace,kite_medium_noci_nndbt_injej_none,,4098644074.0,12963811.0,7006073016.0,6521.069674,840441150.0,15549567.0,1.6195340444598958
raytrace,kite_large_noci_nndbt_injej_none,,4117866218.0,13104192.0,7006273989.0,6885.396596,848368956.0,15620136.0,1.605416028425298
raytrace,dbl_bfly_x_noci_nndbt_injej_none,,4141900736.0,13250311.0,7007460937.0,7199.349286,855213149.0,15711059.0,1.593277601102277
raytrace,butter_donut_x_noci_nndbt_injej_none,,4128416726.0,13163510.0,7006921932.0,6995.769016,852452423.0,15660909.0,1.5978333479958218
blackscholes,butter_donut_x_noci_nndbt_injej_none,,19619272685.0,333916.0,2292446804.0,7442.500227,90031224.0,74597995.0,0.2929049059072698
blackscholes,dbl_bfly_x_noci_nndbt_injej_none,,19658195633.0,335748.0,2292477026.0,7554.002098,90354285.0,74745991.0,0.29163708322910453
blackscholes,lpbt_s_latop_noci_nndbt_injej_none,,18847028941.0,311545.0,2292285917.0,6303.998569,85973477.0,71661707.0,0.30474894858329293
blackscholes,lpbt_m_latop_noci_nndbt_injej_none,,19287449004.0,323955.0,2292379708.0,6913.825112,88263288.0,73336308.0,0.2981867646695964
blackscholes,kite_large_noci_nndbt_injej_none,,19672089923.0,336090.0,2292460960.0,7434.248143,90208839.0,74798821.0,0.29429882368167054
blackscholes,kite_medium_noci_nndbt_injej_none,,19505720857.0,317927.0,2292434807.0,7099.175132,89099022.0,74166239.0,0.3016505753118931
blackscholes,ft_x_noci_nndbt_injej_none,,19378672395.0,321464.0,2292345629.0,6999.539403,88525416.0,73683165.0,0.2978853455911026
blackscholes,kite_small_noci_nndbt_injej_none,,19178947302.0,304120.0,2292354252.0,6491.139765,87079459.0,72923754.0,0.3128025301360045
blackscholes,lpbt_s_power_noci_nndbt_injej_none,,19000192251.0,306857.0,2292325496.0,6404.690148,86578927.0,72244077.0,0.3065494896203054
dedup,ft_x_noci_nndbt_injej_none,,8784141351.0,108368.0,5047194136.0,7373.351255,438916143.0,33399772.0,0.4956510951017828
dedup,kite_large_noci_nndbt_injej_none,,8784773603.0,112028.0,5047219990.0,7788.96396,439053620.0,33402176.0,0.48728609119518684
dedup,butter_donut_x_noci_nndbt_injej_none,,8785003728.0,110799.0,5047222528.0,7842.932979,439084823.0,33403051.0,0.48576320455865907
dedup,dbl_bfly_x_noci_nndbt_injej_none,,8785216495.0,112013.0,5047241760.0,8006.16952,439134632.0,33403860.0,0.48507158951169016
dedup,lpbt_s_power_noci_nndbt_injej_none,,8783540922.0,102056.0,5047250307.0,6817.412223,438746130.0,33397489.0,0.5077398597094104
dedup,lpbt_s_latop_noci_nndbt_injej_none,,8783580898.0,104422.0,5047227043.0,6847.166542,438750863.0,33397641.0,0.5073512436540291
dedup,lpbt_m_latop_noci_nndbt_injej_none,,8784099008.0,108951.0,5047179615.0,7358.248753,438909785.0,33399611.0,0.49589056440693147
dedup,kite_medium_noci_nndbt_injej_none,,8784497716.0,106094.0,5047271527.0,7314.296629,438924461.0,33401127.0,0.4989404505361009
dedup,kite_small_noci_nndbt_injej_none,,8783287390.0,100549.0,5047232615.0,6611.85254,438660782.0,33396525.0,0.5140005926891213
x264,butter_donut_x_noci_nndbt_injej_none,,1865456370.0,129455.0,521176598.0,7175.399336,10315739.0,3167942.0,0.16237218606138715
x264,dbl_bfly_x_noci_nndbt_injej_none,,1869758261.0,132311.0,521189564.0,7208.673082,10399797.0,3180021.0,0.16399129409901547
x264,kite_medium_noci_nndbt_injej_none,,1824233750.0,125748.0,521177984.0,6743.950079,10082869.0,3112669.0,0.167416547349447
x264,kite_large_noci_nndbt_injej_none,,1848732726.0,130270.0,521185706.0,7029.249787,10259723.0,3146528.0,0.1654538168672824
x264,ft_x_noci_nndbt_injej_none,,1824483074.0,125850.0,521158225.0,6805.159604,10031303.0,3116399.0,0.16281591551772348
x264,kite_small_noci_nndbt_injej_none,,1757490399.0,117827.0,521170396.0,6120.080313,9666095.0,2997859.0,0.17346529946547495
x264,lpbt_m_latop_noci_nndbt_injej_none,,1816473146.0,126155.0,521153592.0,6735.078579,9993535.0,3100535.0,0.16103841413431635
x264,lpbt_s_latop_noci_nndbt_injej_none,,1791589664.0,124678.0,521173726.0,6404.089369,9877107.0,3069690.0,0.1703600799556229
x264,lpbt_s_power_noci_nndbt_injej_none,,1756756366.0,117919.0,521147186.0,6173.268501,9639065.0,3006805.0,0.16542421813505512
dedup,mesh_noci_naive_hops,,8785891353.0,122993.0,0,8629.521005,439431445.0,33406426.0,1
x264,mesh_noci_naive_hops,,1920595898.0,139685.0,0,7990.956621,10740685.0,3268641.0,1
swaptions,mesh_noci_naive_hops,,14051950610.0,53429467.0,0,9835.589495,3419485899.0,53429467.0,1
streamcluster,mesh_noci_naive_hops,,51810338818.0,63059353.0,0,9115.019828,4188523070.0,106903219.0,1
bodytrack,mesh_noci_naive_hops,,42760753145.0,52456479.0,0,8752.67878,3286491941.0,89205647.0,1
facesim,mesh_noci_naive_hops,,24866307311.0,541486.0,0,8452.473804,494493010.0,71524979.0,1
freqmine,mesh_noci_naive_hops,,29732477435.0,250700.0,0,9152.089113,129129969.0,113051245.0,1
raytrace,mesh_noci_naive_hops,,4161741982.0,13561515.0,0,8066.657255,876708717.0,15782464.0,1
fluidanimate,mesh_noci_naive_hops,,24012037023.0,71473958.0,0,9305.028114,4500370497.0,88705417.0,1
canneal,mesh_noci_naive_hops,,316098488096.0,2649728.0,0,8105.759105,1356244246.0,1201895392.0,1
blackscholes,mesh_noci_naive_hops,,19768824479.0,371934.0,0,7990.597542,91711596.0,75166633.0,1
ferret,mesh_noci_naive_hops,,14389507691.0,148700.0,0,9230.717665,569075887.0,54712952.0,1
fluidanimate,lpbt_s_power_noci_nndbt_injej_none,,24259334608.0,71553255.0,10182355820.0,8129.730373,4525869776.0,90050056.0,1.1287443149782295
fluidanimate,lpbt_s_latop_noci_nndbt_injej_none,,23521704820.0,71102671.0,10166313952.0,8367.013072,4495653949.0,89252876.0,1.132923126878946
fluidanimate,lpbt_m_latop_noci_nndbt_injej_none,,23471804252.0,71320963.0,10163894536.0,8198.539085,4498001921.0,88929770.0,1.1316736862348806
fluidanimate,kite_large_noci_nndbt_injej_none,,23737188347.0,71455829.0,10120838110.0,8579.889355,4508870404.0,90194570.0,1.11904924890027
fluidanimate,kite_small_noci_nndbt_injej_none,,23245470134.0,69199963.0,10182305918.0,7071.438407,4451103411.0,88268334.0,1.1476254655609088
fluidanimate,ft_x_noci_nndbt_injej_none,,23284256322.0,70834600.0,10133270019.0,7904.292776,4465354063.0,88289103.0,1.1330168220691916
fluidanimate,kite_medium_noci_nndbt_injej_none,,23441449844.0,70760414.0,10196295621.0,7844.25269,4501068274.0,88525713.0,1.1378617031417522
fluidanimate,dbl_bfly_x_noci_nndbt_injej_none,,24320795078.0,73132896.0,10199791546.0,9266.077406,4661541812.0,92020329.0,1.099298394833051
fluidanimate,butter_donut_x_noci_nndbt_injej_none,,24131628909.0,71417991.0,10199304344.0,8590.819249,4567635466.0,90361475.0,1.122179979328107
fluidanimate,ns_l_latop_noci_picky_cohmem_prioritized_doubley_memory_mclb_hops,,23092752609.0,70094786.0,10177415388.0,6903.644212,4423718731.0,87281520.0,1.1534432423143521
fluidanimate,ns_m_scop_noci_picky_cohmem_prioritized_doubley_memory_mclb_hops,,23025453276.0,70312136.0,10174201065.0,6884.210779,4420729976.0,87397542.0,1.1538323526413676
fluidanimate,ns_s_latop_noci_picky_cohmem_prioritized_doubley_memory_mclb_hops,,23233883932.0,69323775.0,10141699999.0,6496.448208,4367822549.0,85750549.0,1.160058408326286
fluidanimate,ns_l_scop_noci_picky_cohmem_prioritized_doubley_memory_mclb_hops,,23401464113.0,71483919.0,10216917457.0,6954.229726,4487262248.0,87662808.0,1.1460782405424874
fluidanimate,ns_m_latop_noci_picky_cohmem_prioritized_doubley_memory_mclb_hops,,23035604024.0,70045557.0,10163173005.0,6884.951272,4416446342.0,87309908.0,1.1521187362424266
fluidanimate,ns_s_scop_noci_picky_cohmem_prioritized_doubley_memory_mclb_hops,,23214367754.0,69045423.0,10158132378.0,6454.728976,4347983868.0,85726074.0,1.1692811735323947
swaptions,butter_donut_x_noci_nndbt_injej_none,,13988851650.0,53189547.0,11875901944.0,8621.393201,3404131041.0,53189547.0,1.6461185144640662
swaptions,dbl_bfly_x_noci_nndbt_injej_none,,14050605365.0,53424352.0,11850190615.0,8974.008565,3419158579.0,53424352.0,1.630515730926617
swaptions,lpbt_s_power_noci_nndbt_injej_none,,13877635525.0,52766672.0,11964885813.0,7630.62152,3377067059.0,52766672.0,1.6891993633586733
swaptions,lpbt_m_latop_noci_nndbt_injej_none,,13901305525.0,52856672.0,11923872134.0,8023.184764,3382827059.0,52856672.0,1.6726956531080015
swaptions,lpbt_s_latop_noci_nndbt_injej_none,,13873857004.0,52752305.0,11942217277.0,7780.235792,3376147569.0,52752305.0,1.6824071410592998
swaptions,kite_medium_noci_nndbt_injej_none,,13864993904.0,52718605.0,11928398054.0,7922.886116,3373990771.0,52718605.0,1.6784567723658526
swaptions,kite_small_noci_nndbt_injej_none,,13812194287.0,52517846.0,12011968168.0,7157.670752,3361142178.0,52517846.0,1.7122921166183125
swaptions,kite_large_noci_nndbt_injej_none,,13939540728.0,53002053.0,11861605158.0,8603.597971,3392131443.0,53002053.0,1.6474222309814095
swaptions,ft_x_noci_nndbt_injej_none,,13897709789.0,52843000.0,11932233519.0,7977.216373,3381952051.0,52843000.0,1.6755130938088643
swaptions,ns_l_latop_noci_picky_cohmem_prioritized_doubley_memory_mclb_hops,,13811248539.0,52514250.0,12007801802.0,7089.57744,3360912046.0,52514250.0,1.711183706827346
swaptions,ns_m_scop_noci_picky_cohmem_prioritized_doubley_memory_mclb_hops,,13804643294.0,52489135.0,12014412837.0,7062.224681,3359304657.0,52489135.0,1.714215532769655
swaptions,ns_s_latop_noci_picky_cohmem_prioritized_doubley_memory_mclb_hops,,13771165235.0,52361842.0,12065589431.0,6602.986263,3351157939.0,52361842.0,1.7355165757371573
swaptions,ns_l_scop_noci_picky_cohmem_prioritized_doubley_memory_mclb_hops,,13803721479.0,52485630.0,11997461739.0,7136.444007,3359080371.0,52485630.0,1.7087675558055837
swaptions,ns_m_latop_noci_picky_cohmem_prioritized_doubley_memory_mclb_hops,,13813255229.0,52521880.0,12022017454.0,7031.303064,3361400371.0,52521880.0,1.7156465085667036
swaptions,ns_s_scop_noci_picky_cohmem_prioritized_doubley_memory_mclb_hops,,13759979056.0,52319309.0,12062576763.0,6587.69273,3348435822.0,52319309.0,1.7358662379348824